player_id,first_endstep_date,goldfish_before_first_endstep,goldfish_after_first_endstep,goldfish_total,goldfish_dates
C01,2026-09-05,1,0,1,2026-06-26
C02,2026-09-05,0,0,0,
C03,2026-09-05,0,0,0,
C04,2026-09-12,0,0,0,
C05,2026-09-12,6,3,9,2026-04-24;2026-05-15;2026-06-19;2026-08-14;2026-08-28;2026-09-04;2026-09-18;2026-09-25;2026-10-02
C06,2026-09-19,1,0,1,2026-05-15
C07,2026-09-19,0,0,0,
C08,2026-09-19,0,0,0,
C09,2026-09-19,10,0,10,2026-04-22;2026-04-30;2026-05-07;2026-05-08;2026-05-14;2026-05-15;2026-05-21;2026-06-18;2026-07-24;2026-09-11
C10,2026-09-19,0,0,0,
C11,2026-09-26,0,0,0,
