player_id,edinorog_pre_count,goldfish_pre_count,goldfish_post_count,goldfish_total,edinorog_pre_dates,goldfish_post_dates
F01,15,11,3,14,2026-04-27;2026-05-04;2026-05-11;2026-05-18;2026-05-25;2026-06-15;2026-06-22;2026-06-29;2026-07-06;2026-07-20;2026-07-27;2026-08-10;2026-08-17;2026-08-24;2026-08-31,2026-09-04;2026-09-11;2026-09-18
F02,14,1,2,3,2026-04-27;2026-05-11;2026-05-25;2026-06-08;2026-06-15;2026-06-22;2026-07-06;2026-07-13;2026-07-27;2026-08-03;2026-08-10;2026-08-17;2026-08-24;2026-08-31,2026-09-18;2026-09-25
F03,13,9,1,10,2026-04-20;2026-05-04;2026-05-11;2026-05-18;2026-05-25;2026-06-01;2026-06-08;2026-06-22;2026-06-29;2026-07-06;2026-07-20;2026-07-27;2026-08-24,2026-09-11
F04,7,14,3,17,2026-05-11;2026-06-01;2026-06-08;2026-07-06;2026-07-13;2026-08-24;2026-08-31,2026-09-11;2026-09-25;2026-10-02
F05,7,3,2,5,2026-05-11;2026-07-06;2026-07-27;2026-08-03;2026-08-10;2026-08-17;2026-08-31,2026-09-18;2026-10-02
F06,5,5,4,9,2026-04-20;2026-04-27;2026-06-15;2026-06-29;2026-07-27,2026-09-04;2026-09-18;2026-09-25;2026-10-02
F07,4,0,1,1,2026-04-27;2026-05-04;2026-05-11;2026-06-22,2026-09-18
F08,3,0,1,1,2026-05-11;2026-07-27;2026-08-10,2026-09-11
F09,3,0,2,2,2026-05-11;2026-08-10;2026-08-17,2026-09-11;2026-09-25
F10,2,7,1,8,2026-04-20;2026-06-08,2026-09-18
F11,1,0,2,2,2026-08-24,2026-09-11;2026-09-18
F12,1,3,2,5,2026-08-24,2026-09-04;2026-09-25
F13,1,2,1,3,2026-04-20,2026-09-11
F14,1,4,2,6,2026-06-15,2026-09-18;2026-09-25
F15,1,0,1,1,2026-05-04,2026-09-11
F16,1,4,2,6,2026-05-11,2026-09-11;2026-10-02
F17,1,16,5,21,2026-05-11,2026-09-04;2026-09-11;2026-09-18;2026-09-25;2026-10-02
F18,1,1,1,2,2026-06-08,2026-09-11
F19,1,0,1,1,2026-05-11,2026-09-04
