track,event_date,event_title,status,participants
edinorog_monday,2026-04-20,Edinorog Pauper,finished,30
edinorog_monday,2026-04-27,Edinorog Pauper,finished,41
edinorog_monday,2026-05-04,Edinorog Pauper,finished,39
edinorog_monday,2026-05-11,Edinorog Pauper,finished,71
edinorog_monday,2026-05-18,Edinorog Pauper,finished,33
edinorog_monday,2026-05-25,Edinorog Pauper,finished,33
edinorog_monday,2026-06-01,Edinorog Pauper,finished,46
edinorog_monday,2026-06-08,Edinorog Pauper,finished,49
edinorog_monday,2026-06-15,Edinorog Pauper,finished,35
edinorog_monday,2026-06-22,Edinorog Pauper,finished,40
edinorog_monday,2026-06-29,Edinorog Pauper,finished,44
edinorog_monday,2026-07-06,Edinorog Pauper,finished,44
edinorog_monday,2026-07-13,Edinorog Pauper,finished,45
edinorog_monday,2026-07-20,Edinorog Pauper,finished,57
edinorog_monday,2026-07-27,Edinorog Pauper,finished,42
edinorog_monday,2026-08-03,Edinorog Pauper,finished,44
edinorog_monday,2026-08-10,Edinorog Pauper,finished,36
edinorog_monday,2026-08-17,Edinorog Pauper,finished,51
edinorog_monday,2026-08-24,Edinorog Pauper,finished,62
edinorog_monday,2026-08-31,Edinorog Pauper,finished,41
edinorog_monday,2026-09-07,Edinorog Pauper,finished,40
edinorog_monday,2026-09-14,Edinorog Pauper,finished,21
edinorog_monday,2026-09-21,Edinorog Pauper,finished,23
edinorog_monday,2026-09-28,Edinorog Pauper,finished,28
edinorog_monday,2026-10-05,Edinorog Pauper,finished,14
endstep_regular,2026-09-05,Endstep-ru Pauper,finished,34
endstep_regular,2026-09-12,Endstep-ru Pauper,finished,19
endstep_regular,2026-09-19,Endstep-ru Pauper,finished,44
endstep_regular,2026-09-26,Konetskhod Pauper #4,finished,43
stilek,2026-10-03,Stilek x Konetskhod,registration_only,113
