track,event_date,event_title,status,participants,low_registration
goldfish,2026-04-22,Goldfish Pauper,finished,25,false
goldfish,2026-04-24,Goldfish Pauper,finished,12,false
goldfish,2026-04-30,Goldfish Pauper,finished,19,false
goldfish,2026-05-01,Goldfish Pauper,finished,5,false
goldfish,2026-05-07,Goldfish Pauper,finished,12,false
goldfish,2026-05-08,Goldfish Pauper,finished,12,false
goldfish,2026-05-14,Goldfish Pauper,finished,7,false
goldfish,2026-05-15,Goldfish Pauper,finished,15,false
goldfish,2026-05-21,Goldfish Pauper,finished,1,true
goldfish,2026-05-22,Goldfish Pauper,finished,1,true
goldfish,2026-05-28,Goldfish Pauper,finished,1,true
goldfish,2026-05-29,Goldfish Pauper,finished,1,true
goldfish,2026-06-04,Goldfish Pauper,finished,0,true
goldfish,2026-06-05,Goldfish Pauper,finished,1,true
goldfish,2026-06-11,Goldfish Pauper,finished,1,true
goldfish,2026-06-12,Goldfish Pauper,finished,1,true
goldfish,2026-06-18,Goldfish Pauper,finished,6,false
goldfish,2026-06-19,Goldfish Pauper,finished,13,false
goldfish,2026-06-25,Goldfish Pauper,finished,1,true
goldfish,2026-06-26,Goldfish Pauper,finished,21,false
goldfish,2026-07-02,Goldfish Pauper,finished,17,false
goldfish,2026-07-03,Goldfish Pauper,finished,4,false
goldfish,2026-07-09,Goldfish Pauper,finished,17,false
goldfish,2026-07-10,Goldfish Pauper,finished,1,true
goldfish,2026-07-16,Goldfish Pauper,finished,0,true
goldfish,2026-07-17,Goldfish Pauper,finished,14,false
goldfish,2026-07-23,Goldfish Pauper,finished,0,true
goldfish,2026-07-24,Goldfish Pauper,finished,10,false
goldfish,2026-07-31,Goldfish Pauper,finished,11,false
goldfish,2026-08-07,Goldfish Pauper,finished,5,false
goldfish,2026-08-14,Goldfish Pauper,finished,8,false
goldfish,2026-08-21,Goldfish Pauper,finished,9,false
goldfish,2026-08-28,Goldfish Pauper,finished,14,false
goldfish,2026-09-04,Goldfish Pauper,finished,11,false
goldfish,2026-09-11,Goldfish Pauper,finished,26,false
goldfish,2026-09-18,Goldfish Pauper,finished,27,false
goldfish,2026-09-25,Goldfish Pauper,finished,18,false
goldfish,2026-10-02,Goldfish Pauper,finished,15,false
