player_id,edinorog_before_count,first_edinorog_date,last_edinorog_date,first_endstep_date,endstep_tournaments,edinorog_dates,endstep_dates
C01,2,2026-06-08,2026-07-06,2026-09-05,1,2026-06-08;2026-07-06,2026-09-05
C02,3,2026-07-20,2026-08-24,2026-09-05,1,2026-07-20;2026-08-17;2026-08-24,2026-09-05
C03,1,2026-07-27,2026-07-27,2026-09-05,2,2026-07-27,2026-09-05;2026-09-19
C04,3,2026-06-01,2026-06-15,2026-09-12,3,2026-06-01;2026-06-08;2026-06-15,2026-09-12;2026-09-19;2026-09-26
C05,5,2026-04-20,2026-07-27,2026-09-12,1,2026-04-20;2026-04-27;2026-06-15;2026-06-29;2026-07-27,2026-09-12
C06,6,2026-04-20,2026-09-14,2026-09-19,1,2026-04-20;2026-07-13;2026-07-20;2026-08-24;2026-08-31;2026-09-14,2026-09-19
C07,14,2026-04-27,2026-08-24,2026-09-19,1,2026-04-27;2026-05-04;2026-05-11;2026-06-01;2026-06-08;2026-06-15;2026-06-22;2026-07-06;2026-07-13;2026-07-20;2026-07-27;2026-08-10;2026-08-17;2026-08-24,2026-09-19
C08,11,2026-04-27,2026-08-24,2026-09-19,1,2026-04-27;2026-05-11;2026-06-01;2026-06-15;2026-06-22;2026-07-06;2026-07-13;2026-07-20;2026-08-10;2026-08-17;2026-08-24,2026-09-19
C09,13,2026-04-20,2026-08-24,2026-09-19,2,2026-04-20;2026-05-04;2026-05-11;2026-05-18;2026-05-25;2026-06-01;2026-06-08;2026-06-22;2026-06-29;2026-07-06;2026-07-20;2026-07-27;2026-08-24,2026-09-19;2026-09-26
C10,1,2026-09-07,2026-09-07,2026-09-19,1,2026-09-07,2026-09-19
C11,1,2026-06-08,2026-06-08,2026-09-26,1,2026-06-08,2026-09-26
